Código,País,Año,Energía_per_cápita,PIB_per_cápita
ABW,Aruba,1980,,
ABW,Aruba,1981,,
ABW,Aruba,1982,,
ABW,Aruba,1983,,
ABW,Aruba,1984,,
ABW,Aruba,1985,,
ABW,Aruba,1986,,6283
ABW,Aruba,1987,,7567.25
ABW,Aruba,1988,,9274.51
ABW,Aruba,1989,,10767.4
ABW,Aruba,1990,,11638.73
ABW,Aruba,1991,,12850.22
ABW,Aruba,1992,,13657.67
ABW,Aruba,1993,,14970.15
ABW,Aruba,1994,,16675.28
ABW,Aruba,1995,,17140.43
ABW,Aruba,1996,,17375.23
ABW,Aruba,1997,,18713.43
ABW,Aruba,1998,,19742.32
ABW,Aruba,1999,,19833.83
ABW,Aruba,2000,,21026.17
ABW,Aruba,2001,,20911.19
ABW,Aruba,2002,,21375.27
ABW,Aruba,2003,,22050.59
ABW,Aruba,2004,,24105.52
ABW,Aruba,2005,,24978.22
ABW,Aruba,2006,,25832.93
ABW,Aruba,2007,,27665.3
ABW,Aruba,2008,,29011.64
ABW,Aruba,2009,,25740.77
ABW,Aruba,2010,,24452.59
ABW,Aruba,2011,,26043.16
ABW,Aruba,2012,,25611.18
ABW,Aruba,2013,,26514.87
ARG,Argentina,1980,1491.92,
ARG,Argentina,1981,1434.06,
ARG,Argentina,1982,1420.03,A
ARG,Argentina,1983,1423.68,3727.05
ARG,Argentina,1984,1452.12,3787.47
ARG,Argentina,1985,1365.23,2919.28
ARG,Argentina,1986,1426.58,3454.3
ARG,Argentina,1987,1482.25,3492.69
ARG,Argentina,1988,1509.79,4005.2
ARG,Argentina,1989,1445.86,2382.34
ARG,Argentina,1990,1411.36,4330.97
ARG,Argentina,1991,1434.32,5730.72
ARG,Argentina,1992,1487.62,6815.33
ARG,Argentina,1993,1471.83,6957.42
ARG,Argentina,1994,1544.76,7464.47
ARG,Argentina,1995,1546.51,7383.7
ARG,Argentina,1996,1583.49,7690.16
ARG,Argentina,1997,1614.73,8176.77
ARG,Argentina,1998,1650.73,8250.67
ARG,Argentina,1999,1659.77,7735.32
ARG,Argentina,2000,1660.52,7666.52
ARG,Argentina,2001,1562.31,7168.98
ARG,Argentina,2002,1502.21,2579.49
ARG,Argentina,2003,1590.84,3333.15
ARG,Argentina,2004,1720.31,4258.16
ARG,Argentina,2005,1712.85,5086.63
ARG,Argentina,2006,1844.27,5890.98
ARG,Argentina,2007,1849.45,7210.6
ARG,Argentina,2008,1928.33,8977.51
ARG,Argentina,2009,1856.1,8184.39
ARG,Argentina,2010,1928.65,10385.96
ARG,Argentina,2011,1952.05,12848.74
ARG,Argentina,2012,1936.8,13082.66
ARG,Argentina,2013,1967.02,13080.25
ATG,Antigua and Barbuda,1980,,2025.47
ATG,Antigua and Barbuda,1981,,2271.83
ATG,Antigua and Barbuda,1982,,2519.8
ATG,Antigua and Barbuda,1983,,2784.74
ATG,Antigua and Barbuda,1984,,3187.98
ATG,Antigua and Barbuda,1985,,3703.79
ATG,Antigua and Barbuda,1986,,4488.2
ATG,Antigua and Barbuda,1987,,5239.46
ATG,Antigua and Barbuda,1988,,6230.47
ATG,Antigua and Barbuda,1989,,6895.39
ATG,Antigua and Barbuda,1990,1560.57,7255.41
ATG,Antigua and Barbuda,1991,,7569.97
ATG,Antigua and Barbuda,1992,,7721.76
ATG,Antigua and Barbuda,1993,,8129.14
ATG,Antigua and Barbuda,1994,,8788.01
ATG,Antigua and Barbuda,1995,,8440.03
ATG,Antigua and Barbuda,1996,,9079.48
ATG,Antigua and Barbuda,1997,,9556.83
ATG,Antigua and Barbuda,1998,,10029.48
ATG,Antigua and Barbuda,1999,,10379.16
ATG,Antigua and Barbuda,2000,,11010.2
ATG,Antigua and Barbuda,2001,,10502.94
ATG,Antigua and Barbuda,2002,,10549.67
ATG,Antigua and Barbuda,2003,,10968.89
ATG,Antigua and Barbuda,2004,1710.14,11650.85
ATG,Antigua and Barbuda,2005,1715.31,12808.01
ATG,Antigua and Barbuda,2006,1767.72,14310.69
ATG,Antigua and Barbuda,2007,1780.14,16006.14
ATG,Antigua and Barbuda,2008,,16457.1
ATG,Antigua and Barbuda,2009,,14530.6
ATG,Antigua and Barbuda,2010,,13404.52
ATG,Antigua and Barbuda,2011,,14774.03
ATG,Antigua and Barbuda,2012,,15136.84
ATG,Antigua and Barbuda,2013,,14977.07
BHS,The Bahamas,1980,,5967.77
BHS,The Bahamas,1981,,6257.79
BHS,The Bahamas,1982,,6797.83
BHS,The Bahamas,1983,,7324.19
BHS,The Bahamas,1984,,8463.46
BHS,The Bahamas,1985,,9436.23
BHS,The Bahamas,1986,,9858.3
BHS,The Bahamas,1987,,10617.41
BHS,The Bahamas,1988,,10819.27
BHS,The Bahamas,1989,,11533.26
BHS,The Bahamas,1990,2384.07,11696.51
BHS,The Bahamas,1991,,11269.95
BHS,The Bahamas,1992,,11025.88
BHS,The Bahamas,1993,,10730
BHS,The Bahamas,1994,,11085.15
BHS,The Bahamas,1995,,11447.02
BHS,The Bahamas,1996,,11835.39
BHS,The Bahamas,1997,,20415.71
BHS,The Bahamas,1998,,21665.39
BHS,The Bahamas,1999,,23991.7
BHS,The Bahamas,2000,,24849.61
BHS,The Bahamas,2001,,25234.14
BHS,The Bahamas,2002,,26590.14
BHS,The Bahamas,2003,,26204.88
BHS,The Bahamas,2004,1935.36,26393.41
BHS,The Bahamas,2005,2001.13,28280.87
BHS,The Bahamas,2006,2001.91,28829.85
BHS,The Bahamas,2007,1982.3,29687.87
BHS,The Bahamas,2008,,29013.63
BHS,The Bahamas,2009,,27120.69
BHS,The Bahamas,2010,,27046.66
BHS,The Bahamas,2011,,26644.93
BHS,The Bahamas,2012,,28059.39
BHS,The Bahamas,2013,,26955.79
BLZ,Belize,1980,,1363.84
BLZ,Belize,1981,,1318.13
BLZ,Belize,1982,,1195.51
BLZ,Belize,1983,,1231.01
BLZ,Belize,1984,,1342.23
BLZ,Belize,1985,,1301.08
BLZ,Belize,1986,,1385.47
BLZ,Belize,1987,,1643.95
BLZ,Belize,1988,,1831.02
BLZ,Belize,1989,,2065.72
BLZ,Belize,1990,581.73,2988.6
BLZ,Belize,1991,,3190.87
BLZ,Belize,1992,,3644.92
BLZ,Belize,1993,,3862.55
BLZ,Belize,1994,,3878.97
BLZ,Belize,1995,,4011.14
BLZ,Belize,1996,,4042.15
BLZ,Belize,1997,,4011.02
BLZ,Belize,1998,,4119.71
BLZ,Belize,1999,,4283.48
BLZ,Belize,2000,,4720.17
BLZ,Belize,2001,,4708.29
BLZ,Belize,2002,,4844.23
BLZ,Belize,2003,,4937.09
BLZ,Belize,2004,569.58,5123.6
BLZ,Belize,2005,574.23,5236.37
BLZ,Belize,2006,595.71,5486.83
BLZ,Belize,2007,598.98,5717.93
BLZ,Belize,2008,,5665.97
BLZ,Belize,2009,,5352.1
BLZ,Belize,2010,,5399.06
BLZ,Belize,2011,,5519.34
BLZ,Belize,2012,,5635.52
BLZ,Belize,2013,,5865.47
BOL,Bolivia,1980,426.16,775.85
BOL,Bolivia,1981,437.66,985.59
BOL,Bolivia,1982,450.34,934.78
BOL,Bolivia,1983,418.17,884.55
BOL,Bolivia,1984,408.26,986.78
BOL,Bolivia,1985,394.64,842.09
BOL,Bolivia,1986,365.26,607.08
BOL,Bolivia,1987,331.32,652.71
BOL,Bolivia,1988,338.95,675.71
BOL,Bolivia,1989,353.53,678.64
BOL,Bolivia,1990,367.89,685.94
BOL,Bolivia,1991,371.46,737.52
BOL,Bolivia,1992,385.49,763.26
BOL,Bolivia,1993,403.93,760.12
BOL,Bolivia,1994,436,777.42
BOL,Bolivia,1995,480.07,856.37
BOL,Bolivia,1996,506.58,925.85
BOL,Bolivia,1997,542.43,973.96
BOL,Bolivia,1998,538.42,1025.41
BOL,Bolivia,1999,519.57,981.75
BOL,Bolivia,2000,570.85,977.33
BOL,Bolivia,2001,436.37,930.88
BOL,Bolivia,2002,514.05,888.2
BOL,Bolivia,2003,525.18,892.36
BOL,Bolivia,2004,516.76,951.95
BOL,Bolivia,2005,553.92,1018.31
BOL,Bolivia,2006,681.28,1200.07
BOL,Bolivia,2007,545.43,1351.04
BOL,Bolivia,2008,570.15,1687.58
BOL,Bolivia,2009,583.81,1725.15
BOL,Bolivia,2010,625.27,1922.06
BOL,Bolivia,2011,649.34,2304.98
BOL,Bolivia,2012,734.28,2562.47
BOL,Bolivia,2013,726.32,2853.8
BRA,Brazil,1980,931.01,
BRA,Brazil,1981,872.6,
BRA,Brazil,1982,867.12,
BRA,Brazil,1983,868.99,
BRA,Brazil,1984,904.8,
BRA,Brazil,1985,945.68,
BRA,Brazil,1986,969.64,
BRA,Brazil,1987,987.36,
BRA,Brazil,1988,981.48,
BRA,Brazil,1989,982.66,2875.58
BRA,Brazil,1990,930.33,3065.24
BRA,Brazil,1991,931.66,2656.5
BRA,Brazil,1992,925.89,2505.38
BRA,Brazil,1993,933.85,2766.35
BRA,Brazil,1994,967.59,3393.14
BRA,Brazil,1995,985.2,4704.96
BRA,Brazil,1996,1021.84,5121.91
BRA,Brazil,1997,1057.73,5240.13
BRA,Brazil,1998,1067.31,5049.76
BRA,Brazil,1999,1076.11,3456.42
BRA,Brazil,2000,1065.77,3726.81
BRA,Brazil,2001,1070.14,3142.24
BRA,Brazil,2002,1084.68,2824.72
BRA,Brazil,2003,1089.51,3056.65
BRA,Brazil,2004,1137.07,3623.22
BRA,Brazil,2005,1152.76,4773.27
BRA,Brazil,2006,1180.05,5866.02
BRA,Brazil,2007,1234.2,7323.19
BRA,Brazil,2008,1290.17,8801.76
BRA,Brazil,2009,1236.15,8569.9
BRA,Brazil,2010,1354.08,11249.29
BRA,Brazil,2011,1362.56,13200.56
BRA,Brazil,2012,1408.85,12327.51
BRA,Brazil,2013,1456.11,12258.57
BRB,Barbados,1980,,3992.04
BRB,Barbados,1981,,4374.85
BRB,Barbados,1982,,4552.94
BRB,Barbados,1983,,4818.68
BRB,Barbados,1984,,5235.13
BRB,Barbados,1985,,5465.2
BRB,Barbados,1986,,5990.46
BRB,Barbados,1987,,6589.38
BRB,Barbados,1988,,7005.5
BRB,Barbados,1989,,7753.03
BRB,Barbados,1990,1243.83,7772.81
BRB,Barbados,1991,,7789.39
BRB,Barbados,1992,,7520.79
BRB,Barbados,1993,,7905.68
BRB,Barbados,1994,,8220.28
BRB,Barbados,1995,,8451.96
BRB,Barbados,1996,,8994.32
BRB,Barbados,1997,,9491.48
BRB,Barbados,1998,,10685.26
BRB,Barbados,1999,,11173.95
BRB,Barbados,2000,,11560.25
BRB,Barbados,2001,,11510.04
BRB,Barbados,2002,,11658.63
BRB,Barbados,2003,,11998.18
BRB,Barbados,2004,1396.62,12828.44
BRB,Barbados,2005,1447.25,14173.75
BRB,Barbados,2006,1471.76,15595.64
BRB,Barbados,2007,1477.28,17219.02
BRB,Barbados,2008,,17551.86
BRB,Barbados,2009,,16309.89
BRB,Barbados,2010,,16494.24
BRB,Barbados,2011,,16902.49
BRB,Barbados,2012,,16704.92
BRB,Barbados,2013,,16923.59
CHL,Chile,1980,826.38,2531.57
CHL,Chile,1981,827.41,2965.37
CHL,Chile,1982,747.8,1653.99
CHL,Chile,1983,762.27,1700.16
CHL,Chile,1984,790.67,1619.37
CHL,Chile,1985,777.41,1437.38
CHL,Chile,1986,800.08,1510.02
CHL,Chile,1987,812.92,1750.26
CHL,Chile,1988,905.51,2015.93
CHL,Chile,1989,998.77,2280.27
CHL,Chile,1990,1049.95,2483.56
CHL,Chile,1991,1056.27,2790.62
CHL,Chile,1992,1123.97,3333.96
CHL,Chile,1993,1134.13,3520.93
CHL,Chile,1994,1201.16,4010.97
CHL,Chile,1995,1272.25,5094.39
CHL,Chile,1996,1390.03,5376.77
CHL,Chile,1997,1536.13,5789.71
CHL,Chile,1998,1570.73,5467.19
CHL,Chile,1999,1649.13,4980.01
CHL,Chile,2000,1639.4,5102.97
CHL,Chile,2001,1590.92,4610.59
CHL,Chile,2002,1629.15,4477.19
CHL,Chile,2003,1628.93,4823.26
CHL,Chile,2004,1717.54,6185.3
CHL,Chile,2005,1753.53,7560.54
CHL,Chile,2006,1807.42,9418.27
CHL,Chile,2007,1856.4,10456.83
CHL,Chile,2008,1820.31,10797.05
CHL,Chile,2009,1753.81,10204.56
CHL,Chile,2010,1814.12,12764.59
CHL,Chile,2011,1957.05,14637.76
CHL,Chile,2012,2145.52,15397.78
CHL,Chile,2013,2209.86,15842.16
COL,Colombia,1980,676.42,1276
COL,Colombia,1981,669.56,1358.49
COL,Colombia,1982,673.04,1421.92
COL,Colombia,1983,679.25,1381.12
COL,Colombia,1984,686.24,1333.37
COL,Colombia,1985,681.63,1189.87
COL,Colombia,1986,726.4,1166.3
COL,Colombia,1987,735.22,1188.55
COL,Colombia,1988,741.59,1254.53
COL,Colombia,1989,732,1238.6
COL,Colombia,1990,742.99,1467.55
COL,Colombia,1991,735.94,1491.86
COL,Colombia,1992,737.97,1720.57
COL,Colombia,1993,756.89,1920.4
COL,Colombia,1994,768.5,2314.9
COL,Colombia,1995,767.27,2571.47
COL,Colombia,1996,771.76,2652.1
COL,Colombia,1997,735.58,2860.04
COL,Colombia,1998,757.08,2595.54
COL,Colombia,1999,665.81,2236.07
COL,Colombia,2000,658.25,2546.85
COL,Colombia,2001,645.3,2465.01
COL,Colombia,2002,623.03,2421.16
COL,Colombia,2003,626.77,2305.17
COL,Colombia,2004,624.25,2811.46
COL,Colombia,2005,641.48,3448.54
COL,Colombia,2006,665.51,3782.6
COL,Colombia,2007,653.23,4762.08
COL,Colombia,2008,675.96,5534.69
COL,Colombia,2009,692.86,5245.95
COL,Colombia,2010,696.24,6392.76
COL,Colombia,2011,689.75,7392.94
COL,Colombia,2012,689.02,8096.8
COL,Colombia,2013,727.85,8263.64
CRI,Costa Rica,1980,520.53,2001.18
CRI,Costa Rica,1981,475.57,1057.42
CRI,Costa Rica,1982,451.08,1021.89
CRI,Costa Rica,1983,431.61,1199.9
CRI,Costa Rica,1984,455.42,1357.64
CRI,Costa Rica,1985,456.04,1414.13
CRI,Costa Rica,1986,465.25,1551.69
CRI,Costa Rica,1987,482.77,1549.94
CRI,Costa Rica,1988,481.9,1537.46
CRI,Costa Rica,1989,522.96,1705.43
CRI,Costa Rica,1990,531.13,1808.5
CRI,Costa Rica,1991,549.45,2221.47
CRI,Costa Rica,1992,691.79,2578.03
CRI,Costa Rica,1993,688.6,2814.04
CRI,Costa Rica,1994,662.15,3005.54
CRI,Costa Rica,1995,659.85,3240.71
CRI,Costa Rica,1996,647.54,3194.11
CRI,Costa Rica,1997,641.18,3373.41
CRI,Costa Rica,1998,623.81,3580.93
CRI,Costa Rica,1999,673.79,3653.75
CRI,Costa Rica,2000,722.15,3773.03
CRI,Costa Rica,2001,713.2,3941.6
CRI,Costa Rica,2002,737.69,4021.43
CRI,Costa Rica,2003,779.29,4123.51
CRI,Costa Rica,2004,909.28,4376.08
CRI,Costa Rica,2005,895.7,4643.46
CRI,Costa Rica,2006,955.35,5188.36
CRI,Costa Rica,2007,1015.41,6055.09
CRI,Costa Rica,2008,1018.64,6841.91
CRI,Costa Rica,2009,999.51,6737.86
CRI,Costa Rica,2010,1005.16,8147.24
CRI,Costa Rica,2011,994.67,9137.46
CRI,Costa Rica,2012,999.1,9971.65
CRI,Costa Rica,2013,1010.73,10633.27
CUB,Cuba,1980,1492.65,2030.04
CUB,Cuba,1981,1495.25,2046.01
CUB,Cuba,1982,1506.23,2114.62
CUB,Cuba,1983,1575.22,2223.92
CUB,Cuba,1984,1528.8,2388.29
CUB,Cuba,1985,1506.94,2258.39
CUB,Cuba,1986,1489.06,2366.92
CUB,Cuba,1987,1538.6,2441.58
CUB,Cuba,1988,1600.82,2633.85
CUB,Cuba,1989,1739.65,2567.02
CUB,Cuba,1990,1638.16,2695.61
CUB,Cuba,1991,1344.49,2269.65
CUB,Cuba,1992,1170.36,2048.07
CUB,Cuba,1993,972.39,2063.22
CUB,Cuba,1994,997.87,2613.01
CUB,Cuba,1995,994.02,2784.9
CUB,Cuba,1996,1081.82,2281.98
CUB,Cuba,1997,1107.94,2306.38
CUB,Cuba,1998,1035.25,2332.51
CUB,Cuba,1999,1073.53,2562.27
CUB,Cuba,2000,1146.91,2752.2
CUB,Cuba,2001,1117.22,2844.24
CUB,Cuba,2002,1038.16,3007.19
CUB,Cuba,2003,1030.32,3205.69
CUB,Cuba,2004,1004.68,3403.3
CUB,Cuba,2005,948.74,3791.87
CUB,Cuba,2006,946.03,4336.87
CUB,Cuba,2007,899.83,4814.85
CUB,Cuba,2008,954.84,4992.82
CUB,Cuba,2009,1011.57,5094.44
CUB,Cuba,2010,1093.21,5275.53
CUB,Cuba,2011,1027.15,6106.01
CUB,Cuba,2012,1060.43,6467.34
CUB,Cuba,2013,1018.65,6814.24
CUW,CuraÃ§ao,1980,26517.45,
CUW,CuraÃ§ao,1981,25001.64,
CUW,CuraÃ§ao,1982,27354.02,
CUW,CuraÃ§ao,1983,28902.85,
CUW,CuraÃ§ao,1984,19859.94,
CUW,CuraÃ§ao,1985,11685.02,
CUW,CuraÃ§ao,1986,11099.9,
CUW,CuraÃ§ao,1987,9544.04,
CUW,CuraÃ§ao,1988,8775.99,
CUW,CuraÃ§ao,1989,9465.44,
CUW,CuraÃ§ao,1990,10030.15,
CUW,CuraÃ§ao,1991,10062.53,
CUW,CuraÃ§ao,1992,10501.83,
CUW,CuraÃ§ao,1993,8854.51,
CUW,CuraÃ§ao,1994,8997.12,
CUW,CuraÃ§ao,1995,9055.71,
CUW,CuraÃ§ao,1996,9222.19,
CUW,CuraÃ§ao,1997,16175.2,
CUW,CuraÃ§ao,1998,18814.37,
CUW,CuraÃ§ao,1999,14680.92,
CUW,CuraÃ§ao,2000,15720.11,
CUW,CuraÃ§ao,2001,16994.13,
CUW,CuraÃ§ao,2002,16662.99,
CUW,CuraÃ§ao,2003,15566.69,
CUW,CuraÃ§ao,2004,16180.82,
CUW,CuraÃ§ao,2005,15178.83,
CUW,CuraÃ§ao,2006,14581.11,
CUW,CuraÃ§ao,2007,16222.46,
CUW,CuraÃ§ao,2008,15326.49,
CUW,CuraÃ§ao,2009,15608.49,
CUW,CuraÃ§ao,2010,13710.08,
CUW,CuraÃ§ao,2011,16064.05,19426.33
CUW,CuraÃ§ao,2012,13395.37,19809.82
CUW,CuraÃ§ao,2013,11727.51,19721.29
CYM,Cayman Islands,1980,,
CYM,Cayman Islands,1981,,
CYM,Cayman Islands,1982,,
CYM,Cayman Islands,1983,,
CYM,Cayman Islands,1984,,
CYM,Cayman Islands,1985,,
CYM,Cayman Islands,1986,,
CYM,Cayman Islands,1987,,
CYM,Cayman Islands,1988,,
CYM,Cayman Islands,1989,,
CYM,Cayman Islands,1990,,
CYM,Cayman Islands,1991,,
CYM,Cayman Islands,1992,,
CYM,Cayman Islands,1993,,
CYM,Cayman Islands,1994,,
CYM,Cayman Islands,1995,,
CYM,Cayman Islands,1996,,
CYM,Cayman Islands,1997,,
CYM,Cayman Islands,1998,,
CYM,Cayman Islands,1999,,
CYM,Cayman Islands,2000,,
CYM,Cayman Islands,2001,,
CYM,Cayman Islands,2002,,
CYM,Cayman Islands,2003,,
CYM,Cayman Islands,2004,,
CYM,Cayman Islands,2005,,
CYM,Cayman Islands,2006,,87184.51
CYM,Cayman Islands,2007,,89960.68
CYM,Cayman Islands,2008,,89704.22
CYM,Cayman Islands,2009,,81398.32
CYM,Cayman Islands,2010,,76873.19
CYM,Cayman Islands,2011,,75435.61
CYM,Cayman Islands,2012,,75466.14
CYM,Cayman Islands,2013,,75685.36
DMA,Dominica,1980,,997.62
DMA,Dominica,1981,,1125.81
DMA,Dominica,1982,,1232.72
DMA,Dominica,1983,,1365.25
DMA,Dominica,1984,,1517.42
DMA,Dominica,1985,,1668.97
DMA,Dominica,1986,,1897.94
DMA,Dominica,1987,,2144.8
DMA,Dominica,1988,,2430.59
DMA,Dominica,1989,,2645.76
DMA,Dominica,1990,304.71,2899.06
DMA,Dominica,1991,,3178.48
DMA,Dominica,1992,,3386.67
DMA,Dominica,1993,,3549.65
DMA,Dominica,1994,,3820.55
DMA,Dominica,1995,,3967.03
DMA,Dominica,1996,,4225.85
DMA,Dominica,1997,,4385.99
DMA,Dominica,1998,,4676.83
DMA,Dominica,1999,,4829.24
DMA,Dominica,2000,,4879.15
DMA,Dominica,2001,,4991.76
DMA,Dominica,2002,,4881.14
DMA,Dominica,2003,,5016.09
DMA,Dominica,2004,568.73,5354.8
DMA,Dominica,2005,597.02,5304.13
DMA,Dominica,2006,610.98,5677.05
DMA,Dominica,2007,625.23,6126.85
DMA,Dominica,2008,,6661.47
DMA,Dominica,2009,,7109.98
DMA,Dominica,2010,,7182.4
DMA,Dominica,2011,,7288.5
DMA,Dominica,2012,,7054.88
DMA,Dominica,2013,,7240.68
DOM,Dominican Republic,1980,596.73,1174.69
DOM,Dominican Republic,1981,603.8,1284.79
DOM,Dominican Republic,1982,603.27,1374.47
DOM,Dominican Republic,1983,627.63,1499.96
DOM,Dominican Republic,1984,646.84,1845.56
DOM,Dominican Republic,1985,527.67,786.03
DOM,Dominican Republic,1986,536.32,934.06
DOM,Dominican Republic,1987,594.95,870.66
DOM,Dominican Republic,1988,557.77,786.38
DOM,Dominican Republic,1989,538.58,957.96
DOM,Dominican Republic,1990,563.17,992.24
DOM,Dominican Republic,1991,556.01,1349.81
DOM,Dominican Republic,1992,604.23,1562.52
DOM,Dominican Republic,1993,574.14,1726.63
DOM,Dominican Republic,1994,646.84,1896.02
DOM,Dominican Republic,1995,666.78,2114.09
DOM,Dominican Republic,1996,683.57,2276.7
DOM,Dominican Republic,1997,749.88,2456.11
DOM,Dominican Republic,1998,779.87,2616.75
DOM,Dominican Republic,1999,798.7,2631.74
DOM,Dominican Republic,2000,845.32,2845.85
DOM,Dominican Republic,2001,807.69,2953.25
DOM,Dominican Republic,2002,844.83,3085.52
DOM,Dominican Republic,2003,788.43,2399.5
DOM,Dominican Republic,2004,703.36,2468.44
DOM,Dominican Republic,2005,754.49,3903.82
DOM,Dominican Republic,2006,771.09,4080.05
DOM,Dominican Republic,2007,774.4,4676.08
DOM,Dominican Republic,2008,766.72,5053.33
DOM,Dominican Republic,2009,742.66,5002.15
DOM,Dominican Republic,2010,770.28,5509.57
DOM,Dominican Republic,2011,774.33,5859.38
DOM,Dominican Republic,2012,807.26,6049.47
DOM,Dominican Republic,2013,751.55,6171.3
ECU,Ecuador,1980,614.1,2197.87
ECU,Ecuador,1981,622.21,2611.25
ECU,Ecuador,1982,652.66,2324.83
ECU,Ecuador,1983,589.75,1950.06
ECU,Ecuador,1984,615.59,1874.38
ECU,Ecuador,1985,606.79,1853.09
ECU,Ecuador,1986,589.22,1613.7
ECU,Ecuador,1987,588.52,1433.33
ECU,Ecuador,1988,601.48,1309.14
ECU,Ecuador,1989,561.53,1360.49
ECU,Ecuador,1990,605.75,1458.33
ECU,Ecuador,1991,622.6,1589.75
ECU,Ecuador,1992,617.2,1657.86
ECU,Ecuador,1993,564.13,1701.16
ECU,Ecuador,1994,592.29,2001.18
ECU,Ecuador,1995,680.75,2113.26
ECU,Ecuador,1996,704.01,2142.33
ECU,Ecuador,1997,717.9,2349.22
ECU,Ecuador,1998,724.85,2293.66
ECU,Ecuador,1999,641.03,1582.76
ECU,Ecuador,2000,698.19,1451.53
ECU,Ecuador,2001,728.27,1904.81
ECU,Ecuador,2002,698.47,2184.21
ECU,Ecuador,2003,696.57,2438.34
ECU,Ecuador,2004,661.12,2703.57
ECU,Ecuador,2005,678.11,3014.31
ECU,Ecuador,2006,669.5,3340.84
ECU,Ecuador,2007,744.52,3579.03
ECU,Ecuador,2008,674.29,4260.43
ECU,Ecuador,2009,789.77,4240.7
ECU,Ecuador,2010,785.18,4640.25
ECU,Ecuador,2011,817.91,5202.66
ECU,Ecuador,2012,794.64,5678.46
ECU,Ecuador,2013,843.15,6050.35
GRD,Grenada,1980,,1169.37
GRD,Grenada,1981,,1214.55
GRD,Grenada,1982,,1299.39
GRD,Grenada,1983,,1342.51
GRD,Grenada,1984,,1460.91
GRD,Grenada,1985,,1667.68
GRD,Grenada,1986,,1859.29
GRD,Grenada,1987,,2137.29
GRD,Grenada,1988,,2366.49
GRD,Grenada,1989,,2694.18
GRD,Grenada,1990,428.83,2807.75
GRD,Grenada,1991,,3014.87
GRD,Grenada,1992,,3069.68
GRD,Grenada,1993,,3032.23
GRD,Grenada,1994,,3151.1
GRD,Grenada,1995,,3288.22
GRD,Grenada,1996,,3499.53
GRD,Grenada,1997,,3715.72
GRD,Grenada,1998,,4198.72
GRD,Grenada,1999,,4512.22
GRD,Grenada,2000,,4840.68
GRD,Grenada,2001,,4821.78
GRD,Grenada,2002,,4992.44
GRD,Grenada,2003,,5435.15
GRD,Grenada,2004,675.7,5470.6
GRD,Grenada,2005,716.53,6308.67
GRD,Grenada,2006,729.81,6295.28
GRD,Grenada,2007,724.99,6790.63
GRD,Grenada,2008,,7343.45
GRD,Grenada,2009,,6810.44
GRD,Grenada,2010,,6760.97
GRD,Grenada,2011,,6775.75
GRD,Grenada,2012,,6900.77
GRD,Grenada,2013,,7205.25
GTM,Guatemala,1980,550.39,1143.44
GTM,Guatemala,1981,521.64,1217.26
GTM,Guatemala,1982,499.03,1200.25
GTM,Guatemala,1983,469.31,1212.72
GTM,Guatemala,1984,482.47,1234.7
GTM,Guatemala,1985,478.18,1233.08
GTM,Guatemala,1986,446.59,892.29
GTM,Guatemala,1987,459,850.22
GTM,Guatemala,1988,464.4,915.4
GTM,Guatemala,1989,469.02,955.11
GTM,Guatemala,1990,487.41,845.31
GTM,Guatemala,1991,487.88,1011.76
GTM,Guatemala,1992,501.26,1093.96
GTM,Guatemala,1993,487.02,1164.38
GTM,Guatemala,1994,500.59,1293.47
GTM,Guatemala,1995,517.21,1424.68
GTM,Guatemala,1996,518.99,1487.61
GTM,Guatemala,1997,530.4,1649
GTM,Guatemala,1998,563.33,1755.85
GTM,Guatemala,1999,604.31,1619.51
GTM,Guatemala,2000,607.5,1664.31
GTM,Guatemala,2001,605.51,1550.36
GTM,Guatemala,2002,596.54,1682.99
GTM,Guatemala,2003,606.75,1737.88
GTM,Guatemala,2004,611.74,1859.1
GTM,Guatemala,2005,602.39,2068.49
GTM,Guatemala,2006,599.53,2251.08
GTM,Guatemala,2007,631.57,2490.75
GTM,Guatemala,2008,593.72,2802.45
GTM,Guatemala,2009,668.8,2651.83
GTM,Guatemala,2010,714.91,2852.56
GTM,Guatemala,2011,750.61,3228.04
GTM,Guatemala,2012,749.04,3355.03
GTM,Guatemala,2013,800.65,3522.77
GUY,Guyana,1980,,775.15
GUY,Guyana,1981,,731.52
GUY,Guyana,1982,,618.23
GUY,Guyana,1983,,628.66
GUY,Guyana,1984,,563.95
GUY,Guyana,1985,,586.91
GUY,Guyana,1986,,656.66
GUY,Guyana,1987,,464.3
GUY,Guyana,1988,,545.59
GUY,Guyana,1989,,504.42
GUY,Guyana,1990,511.41,530.82
GUY,Guyana,1991,,468.4
GUY,Guyana,1992,,501.44
GUY,Guyana,1993,,607.75
GUY,Guyana,1994,,721.6
GUY,Guyana,1995,,826.97
GUY,Guyana,1996,,936.08
GUY,Guyana,1997,,991.96
GUY,Guyana,1998,,948.24
GUY,Guyana,1999,,916.55
GUY,Guyana,2000,,938.89
GUY,Guyana,2001,,937.3
GUY,Guyana,2002,,955.03
GUY,Guyana,2003,,976.99
GUY,Guyana,2004,629.91,1036.02
GUY,Guyana,2005,651.57,1085.78
GUY,Guyana,2006,659.31,3138.08
GUY,Guyana,2007,660.92,3609.91
GUY,Guyana,2008,,4011.39
GUY,Guyana,2009,,4213.82
GUY,Guyana,2010,,4589.87
GUY,Guyana,2011,,4960
GUY,Guyana,2012,,5461.39
GUY,Guyana,2013,,5576.25
HND,Honduras,1980,495.11,1050.34
HND,Honduras,1981,477.37,1038.03
HND,Honduras,1982,501.3,1062.47
HND,Honduras,1983,477.05,1081.91
HND,Honduras,1984,473.64,1153.31
HND,Honduras,1985,456.09,1202.94
HND,Honduras,1986,454.75,1257.39
HND,Honduras,1987,466,1332.52
HND,Honduras,1988,474.69,1235.37
HND,Honduras,1989,480.69,1105.56
HND,Honduras,1990,470.9,974.23
HND,Honduras,1991,461.89,894.51
HND,Honduras,1992,468.39,924.96
HND,Honduras,1993,465.48,896.28
HND,Honduras,1994,469.87,821.22
HND,Honduras,1995,485.82,919.94
HND,Honduras,1996,474.42,872.58
HND,Honduras,1997,504.1,933.76
HND,Honduras,1998,527.12,1009.16
HND,Honduras,1999,451.36,990.3
HND,Honduras,2000,449.31,1079.61
HND,Honduras,2001,471.73,1118.94
HND,Honduras,2002,478.08,1119.42
HND,Honduras,2003,506.56,1142.81
HND,Honduras,2004,532.57,1201.25
HND,Honduras,2005,543.32,1289.82
HND,Honduras,2006,515.62,1409.58
HND,Honduras,2007,591.8,1559.89
HND,Honduras,2008,574.12,1713.42
HND,Honduras,2009,538.44,1762.35
HND,Honduras,2010,540.07,1874.27
HND,Honduras,2011,586.86,2053.96
HND,Honduras,2012,582.84,2107.35
HND,Honduras,2013,580.26,2064.55
HTI,Haiti,1980,368.88,245.06
HTI,Haiti,1981,301.03,256.83
HTI,Haiti,1982,305.83,250.81
HTI,Haiti,1983,308.42,270.7
HTI,Haiti,1984,305.13,296.77
HTI,Haiti,1985,301.31,321.73
HTI,Haiti,1986,229.66,363.6
HTI,Haiti,1987,231.97,314.55
HTI,Haiti,1988,235.07,393.37
HTI,Haiti,1989,234.66,403.33
HTI,Haiti,1990,225.33,447.1
HTI,Haiti,1991,220.55,491.58
HTI,Haiti,1992,224.58,313.24
HTI,Haiti,1993,212.88,255.69
HTI,Haiti,1994,191.88,289.55
HTI,Haiti,1995,221.99,368.85
HTI,Haiti,1996,250.12,374.17
HTI,Haiti,1997,258.74,421.84
HTI,Haiti,1998,254.25,461.97
HTI,Haiti,1999,252.99,506
HTI,Haiti,2000,240.46,815
HTI,Haiti,2001,241.31,743.91
HTI,Haiti,2002,266.6,716.48
HTI,Haiti,2003,251.69,575.56
HTI,Haiti,2004,255.29,679.28
HTI,Haiti,2005,373.81,771.54
HTI,Haiti,2006,378.48,824.36
HTI,Haiti,2007,390.07,979.6
HTI,Haiti,2008,388.72,1089.58
HTI,Haiti,2009,388.05,1191.8
HTI,Haiti,2010,385.72,1204.86
HTI,Haiti,2011,394.79,1306.85
HTI,Haiti,2012,402.85,1356.17
HTI,Haiti,2013,399.38,1452.31
JAM,Jamaica,1980,1066.92,1254.66
JAM,Jamaica,1981,1071.72,1374.94
JAM,Jamaica,1982,1040.55,1497.31
JAM,Jamaica,1983,896.45,1620.97
JAM,Jamaica,1984,886.09,1048.35
JAM,Jamaica,1985,752.37,916.32
JAM,Jamaica,1986,756.62,1189.42
JAM,Jamaica,1987,770.17,1406.96
JAM,Jamaica,1988,779.04,1625.76
JAM,Jamaica,1989,969.41,1855.99
JAM,Jamaica,1990,1164.13,1919.8
JAM,Jamaica,1991,1158.89,1702.5
JAM,Jamaica,1992,1208.48,1452.19
JAM,Jamaica,1993,1200.02,2212.26
JAM,Jamaica,1994,1211.08,2194.91
JAM,Jamaica,1995,1276.08,2621.18
JAM,Jamaica,1996,1332.36,2919.15
JAM,Jamaica,1997,1320.76,3287.75
JAM,Jamaica,1998,1361.13,3410.43
JAM,Jamaica,1999,1388.51,3423.01
JAM,Jamaica,2000,1459.8,3447.3
JAM,Jamaica,2001,1457,3502.21
JAM,Jamaica,2002,1352.08,3683.89
JAM,Jamaica,2003,1401.8,3557.2
JAM,Jamaica,2004,1411,3819.28
JAM,Jamaica,2005,1387.25,4200.39
JAM,Jamaica,2006,1546.97,4435.57
JAM,Jamaica,2007,1549.08,4738.45
JAM,Jamaica,2008,1298.53,5056.26
JAM,Jamaica,2009,1109.29,4452.12
JAM,Jamaica,2010,978.06,4835.79
JAM,Jamaica,2011,1038.66,5259.93
JAM,Jamaica,2012,1003.53,5365.24
JAM,Jamaica,2013,1037.77,5143.72
KNA,St. Kitts and Nevis,1980,,1588.49
KNA,St. Kitts and Nevis,1981,,1883.2
KNA,St. Kitts and Nevis,1982,,2010.15
KNA,St. Kitts and Nevis,1983,,2039.3
KNA,St. Kitts and Nevis,1984,,2326.66
KNA,St. Kitts and Nevis,1985,,2634
KNA,St. Kitts and Nevis,1986,,3119.8
KNA,St. Kitts and Nevis,1987,,3550.19
KNA,St. Kitts and Nevis,1988,,4179.29
KNA,St. Kitts and Nevis,1989,,4696.49
KNA,St. Kitts and Nevis,1990,531.57,5346.47
KNA,St. Kitts and Nevis,1991,,5439.81
KNA,St. Kitts and Nevis,1992,,5920.22
KNA,St. Kitts and Nevis,1993,,6363.68
KNA,St. Kitts and Nevis,1994,,7027.43
KNA,St. Kitts and Nevis,1995,,7367.45
KNA,St. Kitts and Nevis,1996,,7748.67
KNA,St. Kitts and Nevis,1997,,8581.67
KNA,St. Kitts and Nevis,1998,,8665.1
KNA,St. Kitts and Nevis,1999,,9070.73
KNA,St. Kitts and Nevis,2000,,9275.99
KNA,St. Kitts and Nevis,2001,,9973.55
KNA,St. Kitts and Nevis,2002,,10398.53
KNA,St. Kitts and Nevis,2003,,10119.74
KNA,St. Kitts and Nevis,2004,1631.6,10882.35
KNA,St. Kitts and Nevis,2005,1690.74,11711.15
KNA,St. Kitts and Nevis,2006,1685.37,13747.81
KNA,St. Kitts and Nevis,2007,1765.39,14660.96
KNA,St. Kitts and Nevis,2008,,16491.89
KNA,St. Kitts and Nevis,2009,,16374.26
KNA,St. Kitts and Nevis,2010,,16427.62
KNA,St. Kitts and Nevis,2011,,17571.98
KNA,St. Kitts and Nevis,2012,,17293.81
KNA,St. Kitts and Nevis,2013,,18315.91
LCA,St. Lucia,1980,,1400.69
LCA,St. Lucia,1981,,1569.25
LCA,St. Lucia,1982,,1452.79
LCA,St. Lucia,1983,,1534.08
LCA,St. Lucia,1984,,1925.22
LCA,St. Lucia,1985,,2142.69
LCA,St. Lucia,1986,,2522.07
LCA,St. Lucia,1987,,2745.69
LCA,St. Lucia,1988,,3098.44
LCA,St. Lucia,1989,,3464.88
LCA,St. Lucia,1990,392.97,4073.26
LCA,St. Lucia,1991,,4253.91
LCA,St. Lucia,1992,,4603.7
LCA,St. Lucia,1993,,4608.6
LCA,St. Lucia,1994,,4740.3
LCA,St. Lucia,1995,,5008.03
LCA,St. Lucia,1996,,5123.69
LCA,St. Lucia,1997,,5184.34
LCA,St. Lucia,1998,,5593.75
LCA,St. Lucia,1999,,5825.07
LCA,St. Lucia,2000,,5846.98
LCA,St. Lucia,2001,,5558.07
LCA,St. Lucia,2002,,5562.46
LCA,St. Lucia,2003,,6055.97
LCA,St. Lucia,2004,730.64,6494.6
LCA,St. Lucia,2005,743.71,6866.09
LCA,St. Lucia,2006,714.84,7618.91
LCA,St. Lucia,2007,764.1,7975.79
LCA,St. Lucia,2008,,8528.68
LCA,St. Lucia,2009,,8259.32
LCA,St. Lucia,2010,,8672.22
LCA,St. Lucia,2011,,9110.75
LCA,St. Lucia,2012,,9231.58
LCA,St. Lucia,2013,,9542.71
MAF,St. Martin (French part),1980,,
MAF,St. Martin (French part),1981,,
MAF,St. Martin (French part),1982,,
MAF,St. Martin (French part),1983,,
MAF,St. Martin (French part),1984,,
MAF,St. Martin (French part),1985,,
MAF,St. Martin (French part),1986,,
MAF,St. Martin (French part),1987,,
MAF,St. Martin (French part),1988,,
MAF,St. Martin (French part),1989,,
MAF,St. Martin (French part),1990,,
MAF,St. Martin (French part),1991,,
MAF,St. Martin (French part),1992,,
MAF,St. Martin (French part),1993,,
MAF,St. Martin (French part),1994,,
MAF,St. Martin (French part),1995,,
MAF,St. Martin (French part),1996,,
MAF,St. Martin (French part),1997,,
MAF,St. Martin (French part),1998,,
MAF,St. Martin (French part),1999,,
MAF,St. Martin (French part),2000,,
MAF,St. Martin (French part),2001,,
MAF,St. Martin (French part),2002,,
MAF,St. Martin (French part),2003,,
MAF,St. Martin (French part),2004,,
MAF,St. Martin (French part),2005,,
MAF,St. Martin (French part),2006,,
MAF,St. Martin (French part),2007,,
MAF,St. Martin (French part),2008,,
MAF,St. Martin (French part),2009,,
MAF,St. Martin (French part),2010,,
MAF,St. Martin (French part),2011,,21344.59
MAF,St. Martin (French part),2012,,
MAF,St. Martin (French part),2013,,
MEX,Mexico,1980,1404.83,3036.36
MEX,Mexico,1981,1466.89,3810.25
MEX,Mexico,1982,1504.26,2612.67
MEX,Mexico,1983,1388.34,2166.57
MEX,Mexico,1984,1422.79,2506.89
MEX,Mexico,1985,1450.67,2607.66
MEX,Mexico,1986,1386.28,1765.26
MEX,Mexico,1987,1433,1902.46
MEX,Mexico,1988,1425.89,2302.02
MEX,Mexico,1989,1464.64,2759.48
MEX,Mexico,1990,1513.46,3196.92
MEX,Mexico,1991,1557.86,3756.85
MEX,Mexico,1992,1540.51,4272.79
MEX,Mexico,1993,1536.49,6118.53
MEX,Mexico,1994,1541.43,6268.72
MEX,Mexico,1995,1464.71,4225.4
MEX,Mexico,1996,1470.57,4718.57
MEX,Mexico,1997,1520.96,5617.43
MEX,Mexico,1998,1537.24,5882.42
MEX,Mexico,1999,1555.88,6552.66
MEX,Mexico,2000,1532.54,7581.85
MEX,Mexico,2001,1562.4,8009.16
MEX,Mexico,2002,1546.4,8032.99
MEX,Mexico,2003,1614.14,7473.93
MEX,Mexico,2004,1607.92,7883.52
MEX,Mexico,2005,1694.09,8702.11
MEX,Mexico,2006,1709.29,9545.29
MEX,Mexico,2007,1675.92,10178.44
MEX,Mexico,2008,1637.98,10589.95
MEX,Mexico,2009,1619.89,8495.65
MEX,Mexico,2010,1553,9823.16
MEX,Mexico,2011,1608.55,10766.61
MEX,Mexico,2012,1656.14,10842.73
MEX,Mexico,2013,1637.79,11317.49
NIC,Nicaragua,1980,464.61,
NIC,Nicaragua,1981,463.91,
NIC,Nicaragua,1982,461.69,
NIC,Nicaragua,1983,468.83,
NIC,Nicaragua,1984,502.87,
NIC,Nicaragua,1985,513.24,
NIC,Nicaragua,1986,501.38,
NIC,Nicaragua,1987,494.92,
NIC,Nicaragua,1988,457.34,641.91
NIC,Nicaragua,1989,478.91,245.36
NIC,Nicaragua,1990,477.57,238.77
NIC,Nicaragua,1991,495.14,344.05
NIC,Nicaragua,1992,498.8,404.95
NIC,Nicaragua,1993,480.03,388.02
NIC,Nicaragua,1994,474.8,835.24
NIC,Nicaragua,1995,478.42,876.86
NIC,Nicaragua,1996,478.06,895.26
NIC,Nicaragua,1997,491.81,896.65
NIC,Nicaragua,1998,486.73,931.8
NIC,Nicaragua,1999,486.34,961.55
NIC,Nicaragua,2000,491.22,996.9
NIC,Nicaragua,2001,488.87,1025.11
NIC,Nicaragua,2002,500.3,993.38
NIC,Nicaragua,2003,505.87,999.89
NIC,Nicaragua,2004,522.77,1076
NIC,Nicaragua,2005,524.58,1158.88
NIC,Nicaragua,2006,512.63,1223.08
NIC,Nicaragua,2007,513.93,1323.84
NIC,Nicaragua,2008,512.33,1493.9
NIC,Nicaragua,2009,507.94,1438.1
NIC,Nicaragua,2010,504.83,1495.73
NIC,Nicaragua,2011,514.67,1644.8
NIC,Nicaragua,2012,545.04,1746.42
NIC,Nicaragua,2013,575.09,1794.79
PAN,Panama,1980,721.73,2357.75
PAN,Panama,1981,752.91,2607.18
PAN,Panama,1982,805.63,2814.18
PAN,Panama,1983,840.23,2822.85
PAN,Panama,1984,752.21,2879.24
PAN,Panama,1985,709.96,2977.39
PAN,Panama,1986,705.5,3025.35
PAN,Panama,1987,737.55,2972.13
PAN,Panama,1988,672.15,2514.15
PAN,Panama,1989,619.58,2467.54
PAN,Panama,1990,608.53,2626.14
PAN,Panama,1991,645.95,2827.56
PAN,Panama,1992,721.25,3148.45
PAN,Panama,1993,716.75,3368.2
PAN,Panama,1994,739.49,3518.95
PAN,Panama,1995,735.21,3524.88
PAN,Panama,1996,770.12,3561.29
PAN,Panama,1997,784.55,3775.57
PAN,Panama,1998,891.8,4012.05
PAN,Panama,1999,861.72,4121.56
PAN,Panama,2000,855.84,4099.01
PAN,Panama,2001,951.46,4084.26
PAN,Panama,2002,847.91,4163.52
PAN,Panama,2003,832.7,4304.11
PAN,Panama,2004,805.74,4629.03
PAN,Panama,2005,881.57,4953.13
PAN,Panama,2006,924.39,5385.56
PAN,Panama,2007,888.19,6205.82
PAN,Panama,2008,874.22,7197.11
PAN,Panama,2009,947.47,7618.44
PAN,Panama,2010,995.89,8124.56
PAN,Panama,2011,1061.57,9403.44
PAN,Panama,2012,1076.72,10767.29
PAN,Panama,2013,1039.34,11932.29
PER,Peru,1980,643.58,
PER,Peru,1981,631.68,
PER,Peru,1982,627.61,827.41
PER,Peru,1983,563.22,750.23
PER,Peru,1984,563.3,1054.64
PER,Peru,1985,535.79,761.87
PER,Peru,1986,533.23,1077.64
PER,Peru,1987,535.23,1767.35
PER,Peru,1988,514.64,730.21
PER,Peru,1989,464.43,1040.48
PER,Peru,1990,440.28,1194.55
PER,Peru,1991,422.83,1520.68
PER,Peru,1992,402.94,1560.55
PER,Peru,1993,421.61,1481.34
PER,Peru,1994,428.2,1871.39
PER,Peru,1995,448.74,2180.57
PER,Peru,1996,453.67,2218.32
PER,Peru,1997,431.21,2292.4
PER,Peru,1998,445.62,2149.7
PER,Peru,1999,466.9,1911.74
PER,Peru,2000,458.52,1941.32
PER,Peru,2001,436.61,1925.98
PER,Peru,2002,434.37,2003.97
PER,Peru,2003,421.31,2126.14
PER,Peru,2004,461.56,2393.67
PER,Peru,2005,484.76,2702.24
PER,Peru,2006,466.81,3123.32
PER,Peru,2007,501.22,3572.36
PER,Peru,2008,521.94,4184.89
PER,Peru,2009,543.34,4164.97
PER,Peru,2010,638.62,5047.2
PER,Peru,2011,644.56,5826.83
PER,Peru,2012,687.3,6475.72
PER,Peru,2013,678.12,6697.19
PRI,Puerto Rico,1980,,4502.84
PRI,Puerto Rico,1981,,4920.72
PRI,Puerto Rico,1982,,5115.01
PRI,Puerto Rico,1983,,5217.72
PRI,Puerto Rico,1984,,5730.12
PRI,Puerto Rico,1985,,6008.05
PRI,Puerto Rico,1986,,6455.18
PRI,Puerto Rico,1987,,6980.49
PRI,Puerto Rico,1988,,7595.44
PRI,Puerto Rico,1989,,8033.09
PRI,Puerto Rico,1990,,8652.51
PRI,Puerto Rico,1991,,9064.02
PRI,Puerto Rico,1992,,9659.34
PRI,Puerto Rico,1993,,10212.28
PRI,Puerto Rico,1994,,10876.42
PRI,Puerto Rico,1995,,11579.18
PRI,Puerto Rico,1996,,12173.16
PRI,Puerto Rico,1997,,12817.64
PRI,Puerto Rico,1998,,14304.4
PRI,Puerto Rico,1999,,15220.99
PRI,Puerto Rico,2000,,16192.13
PRI,Puerto Rico,2001,,18123.2
PRI,Puerto Rico,2002,,18731.46
PRI,Puerto Rico,2003,,19557.12
PRI,Puerto Rico,2004,,20988.99
PRI,Puerto Rico,2005,,21959.32
PRI,Puerto Rico,2006,,22935.94
PRI,Puerto Rico,2007,,23664.88
PRI,Puerto Rico,2008,,24898.33
PRI,Puerto Rico,2009,,25768.73
PRI,Puerto Rico,2010,,26435.75
PRI,Puerto Rico,2011,,27278.88
PRI,Puerto Rico,2012,,27944.73
PRI,Puerto Rico,2013,,28513.17
PRY,Paraguay,1980,677.08,1444.69
PRY,Paraguay,1981,657.92,1778.05
PRY,Paraguay,1982,652.96,1666.65
PRY,Paraguay,1983,649.68,1696.91
PRY,Paraguay,1984,643.49,1309.66
PRY,Paraguay,1985,638.89,928.43
PRY,Paraguay,1986,647.22,1024.19
PRY,Paraguay,1987,726.47,1062.05
PRY,Paraguay,1988,755.27,1106.97
PRY,Paraguay,1989,800.67,1204.1
PRY,Paraguay,1990,756.98,1431.84
PRY,Paraguay,1991,761.08,1675.71
PRY,Paraguay,1992,738.63,1673.45
PRY,Paraguay,1993,747.86,1652.8
PRY,Paraguay,1994,797.56,1750.94
PRY,Paraguay,1995,852.66,1968.35
PRY,Paraguay,1996,852.6,2077.48
PRY,Paraguay,1997,906.54,2068.21
PRY,Paraguay,1998,875.72,1880.89
PRY,Paraguay,1999,818.56,1758.26
PRY,Paraguay,2000,751.63,1728.34
PRY,Paraguay,2001,752.1,1630.19
PRY,Paraguay,2002,735.07,1361.25
PRY,Paraguay,2003,740.79,1436.76
PRY,Paraguay,2004,739.14,1776.93
PRY,Paraguay,2005,722.95,1960.51
PRY,Paraguay,2006,737.19,2426.42
PRY,Paraguay,2007,756.46,3194.26
PRY,Paraguay,2008,785.07,4360.43
PRY,Paraguay,2009,787.33,3920.19
PRY,Paraguay,2010,833.44,4725.73
PRY,Paraguay,2011,834.34,5776.28
PRY,Paraguay,2012,843.62,5617.1
PRY,Paraguay,2013,822.67,6410.81
SLV,El Salvador,1980,558.65,792.63
SLV,El Salvador,1981,598.29,755.57
SLV,El Salvador,1982,611.07,738.97
SLV,El Salvador,1983,576.11,747.67
SLV,El Salvador,1984,576.67,765.69
SLV,El Salvador,1985,538.13,779.28
SLV,El Salvador,1986,458.53,758.77
SLV,El Salvador,1987,501.96,781.11
SLV,El Salvador,1988,459,810.35
SLV,El Salvador,1989,461.57,829.51
SLV,El Salvador,1990,459.96,897.59
SLV,El Salvador,1991,497.03,961.78
SLV,El Salvador,1992,510.31,1047.04
SLV,El Salvador,1993,529.65,1186.34
SLV,El Salvador,1994,554.85,1348.91
SLV,El Salvador,1995,584.33,1552.13
SLV,El Salvador,1996,553.73,1653.63
SLV,El Salvador,1997,608.04,1749.5
SLV,El Salvador,1998,620.96,1858.37
SLV,El Salvador,1999,640.12,1904.87
SLV,El Salvador,2000,665.8,1977.84
SLV,El Salvador,2001,693.12,2051.16
SLV,El Salvador,2002,703.94,2106.74
SLV,El Salvador,2003,732.94,2197.48
SLV,El Salvador,2004,725.91,2273.96
SLV,El Salvador,2005,746.56,2434.32
SLV,El Salvador,2006,784.51,2651.43
SLV,El Salvador,2007,740.98,2814.59
SLV,El Salvador,2008,741.2,2964.17
SLV,El Salvador,2009,691.59,2889.69
SLV,El Salvador,2010,695.13,3017.31
SLV,El Salvador,2011,699.18,3304.97
SLV,El Salvador,2012,685.75,3471.05
SLV,El Salvador,2013,644.85,3555.16
SUR,Suriname,1980,,2119.37
SUR,Suriname,1981,,2365.25
SUR,Suriname,1982,,2425.2
SUR,Suriname,1983,,2328.62
SUR,Suriname,1984,,2258.13
SUR,Suriname,1985,,2254.82
SUR,Suriname,1986,,2270.8
SUR,Suriname,1987,,2469.34
SUR,Suriname,1988,,2887.06
SUR,Suriname,1989,,1328.73
SUR,Suriname,1990,,940.99
SUR,Suriname,1991,,1077.21
SUR,Suriname,1992,,964.43
SUR,Suriname,1993,,1015.13
SUR,Suriname,1994,,1419.52
SUR,Suriname,1995,,1591.73
SUR,Suriname,1996,,1940.75
SUR,Suriname,1997,,2045.59
SUR,Suriname,1998,,2405.74
SUR,Suriname,1999,,1883.89
SUR,Suriname,2000,1316.67,1978.45
SUR,Suriname,2001,1385.62,1711.71
SUR,Suriname,2002,952.13,2206.27
SUR,Suriname,2003,999.4,2529.26
SUR,Suriname,2004,1080.45,2906.73
SUR,Suriname,2005,1224.41,3474.12
SUR,Suriname,2006,1150.81,5031.16
SUR,Suriname,2007,1076.6,5562.33
SUR,Suriname,2008,1124.39,6616.82
SUR,Suriname,2009,1116.47,7176.86
SUR,Suriname,2010,1313.55,7999.51
SUR,Suriname,2011,1265.43,8009.25
SUR,Suriname,2012,1396.88,8922.96
SUR,Suriname,2013,1226.91,9124.54
SXM,Sint Maarten (Dutch part),1980,,
SXM,Sint Maarten (Dutch part),1981,,
SXM,Sint Maarten (Dutch part),1982,,
SXM,Sint Maarten (Dutch part),1983,,
SXM,Sint Maarten (Dutch part),1984,,
SXM,Sint Maarten (Dutch part),1985,,
SXM,Sint Maarten (Dutch part),1986,,
SXM,Sint Maarten (Dutch part),1987,,
SXM,Sint Maarten (Dutch part),1988,,
SXM,Sint Maarten (Dutch part),1989,,
SXM,Sint Maarten (Dutch part),1990,,
SXM,Sint Maarten (Dutch part),1991,,
SXM,Sint Maarten (Dutch part),1992,,
SXM,Sint Maarten (Dutch part),1993,,
SXM,Sint Maarten (Dutch part),1994,,
SXM,Sint Maarten (Dutch part),1995,,
SXM,Sint Maarten (Dutch part),1996,,
SXM,Sint Maarten (Dutch part),1997,,
SXM,Sint Maarten (Dutch part),1998,,
SXM,Sint Maarten (Dutch part),1999,,
SXM,Sint Maarten (Dutch part),2000,,
SXM,Sint Maarten (Dutch part),2001,,
SXM,Sint Maarten (Dutch part),2002,,
SXM,Sint Maarten (Dutch part),2003,,
SXM,Sint Maarten (Dutch part),2004,,
SXM,Sint Maarten (Dutch part),2005,,
SXM,Sint Maarten (Dutch part),2006,,
SXM,Sint Maarten (Dutch part),2007,,
SXM,Sint Maarten (Dutch part),2008,,
SXM,Sint Maarten (Dutch part),2009,,
SXM,Sint Maarten (Dutch part),2010,,
SXM,Sint Maarten (Dutch part),2011,,27997.29
SXM,Sint Maarten (Dutch part),2012,,28460.33
SXM,Sint Maarten (Dutch part),2013,,27942.88
TCA,Turks and Caicos Islands,1980,,
TCA,Turks and Caicos Islands,1981,,
TCA,Turks and Caicos Islands,1982,,
TCA,Turks and Caicos Islands,1983,,
TCA,Turks and Caicos Islands,1984,,
TCA,Turks and Caicos Islands,1985,,
TCA,Turks and Caicos Islands,1986,,
TCA,Turks and Caicos Islands,1987,,
TCA,Turks and Caicos Islands,1988,,
TCA,Turks and Caicos Islands,1989,,
TCA,Turks and Caicos Islands,1990,,
TCA,Turks and Caicos Islands,1991,,
TCA,Turks and Caicos Islands,1992,,
TCA,Turks and Caicos Islands,1993,,
TCA,Turks and Caicos Islands,1994,,
TCA,Turks and Caicos Islands,1995,,
TCA,Turks and Caicos Islands,1996,,
TCA,Turks and Caicos Islands,1997,,
TCA,Turks and Caicos Islands,1998,,
TCA,Turks and Caicos Islands,1999,,
TCA,Turks and Caicos Islands,2000,,
TCA,Turks and Caicos Islands,2001,,18323.87
TCA,Turks and Caicos Islands,2002,,17803.08
TCA,Turks and Caicos Islands,2003,,18848.78
TCA,Turks and Caicos Islands,2004,,21233.93
TCA,Turks and Caicos Islands,2005,,24115.27
TCA,Turks and Caicos Islands,2006,,28728.57
TCA,Turks and Caicos Islands,2007,,29446.08
TCA,Turks and Caicos Islands,2008,,31459.54
TCA,Turks and Caicos Islands,2009,,24602.91
TCA,Turks and Caicos Islands,2010,,23103.94
TCA,Turks and Caicos Islands,2011,,23649.71
TCA,Turks and Caicos Islands,2012,,22666.41
TCA,Turks and Caicos Islands,2013,,22451.57
TTO,Trinidad and Tobago,1980,3394,5528.95
TTO,Trinidad and Tobago,1981,3556.8,6118.94
TTO,Trinidad and Tobago,1982,3533.02,7034.95
TTO,Trinidad and Tobago,1983,3617.74,6628.47
TTO,Trinidad and Tobago,1984,4040.86,6547.46
TTO,Trinidad and Tobago,1985,4243.12,6147.7
TTO,Trinidad and Tobago,1986,4374.54,3941.6
TTO,Trinidad and Tobago,1987,4065.52,3896.06
TTO,Trinidad and Tobago,1988,4412.93,3612.99
TTO,Trinidad and Tobago,1989,4245.38,3441.35
TTO,Trinidad and Tobago,1990,4727.38,4001.52
TTO,Trinidad and Tobago,1991,4662.68,4159.07
TTO,Trinidad and Tobago,1992,5088.83,4231.46
TTO,Trinidad and Tobago,1993,4838.28,3608.64
TTO,Trinidad and Tobago,1994,4838.69,3801.47
TTO,Trinidad and Tobago,1995,4702,4074.88
TTO,Trinidad and Tobago,1996,5536.95,4385.1
TTO,Trinidad and Tobago,1997,5200.73,4352.81
TTO,Trinidad and Tobago,1998,6018.62,4569.65
TTO,Trinidad and Tobago,1999,7003.63,5130.87
TTO,Trinidad and Tobago,2000,7385.69,6120.94
TTO,Trinidad and Tobago,2001,8208.76,6592.78
TTO,Trinidad and Tobago,2002,8883.2,6692.8
TTO,Trinidad and Tobago,2003,9879.02,8352.46
TTO,Trinidad and Tobago,2004,10312.2,9756.5
TTO,Trinidad and Tobago,2005,11771.6,11673.78
TTO,Trinidad and Tobago,2006,13059.5,13340.92
TTO,Trinidad and Tobago,2007,13810.54,15627.29
TTO,Trinidad and Tobago,2008,13332.36,20011.15
TTO,Trinidad and Tobago,2009,13396.56,13682.76
TTO,Trinidad and Tobago,2010,14228.58,15711.56
TTO,Trinidad and Tobago,2011,13903.56,17910.32
TTO,Trinidad and Tobago,2012,13456.28,19110.05
TTO,Trinidad and Tobago,2013,13604.32,19927.4
URY,Uruguay,1980,894.9,3440.53
URY,Uruguay,1981,858.9,3725
URY,Uruguay,1982,759.74,3081.05
URY,Uruguay,1983,700.15,1704.57
URY,Uruguay,1984,669.33,1612.32
URY,Uruguay,1985,660.61,1564.71
URY,Uruguay,1986,677.8,1933.48
URY,Uruguay,1987,716.38,2408.63
URY,Uruguay,1988,763.2,2668.67
URY,Uruguay,1989,778.08,2724.1
URY,Uruguay,1990,722.22,2983.24
URY,Uruguay,1991,778.59,3574.11
URY,Uruguay,1992,855.43,4083.46
URY,Uruguay,1993,793.76,4729.93
URY,Uruguay,1994,753.89,5478.02
URY,Uruguay,1995,801.67,6014.92
URY,Uruguay,1996,878.69,6358.16
URY,Uruguay,1997,887.67,7386.51
URY,Uruguay,1998,908.72,7780.68
URY,Uruguay,1999,986.96,7314.49
URY,Uruguay,2000,939.15,6932.48
URY,Uruguay,2001,821.46,6331.16
URY,Uruguay,2002,767.62,4115.15
URY,Uruguay,2003,762.18,3638.94
URY,Uruguay,2004,865.78,4130.1
URY,Uruguay,2005,891.34,5233.46
URY,Uruguay,2006,957.98,5942.13
URY,Uruguay,2007,951,7149.37
URY,Uruguay,2008,1244.9,9328.07
URY,Uruguay,2009,1235.02,9780.74
URY,Uruguay,2010,1219.05,12512.59
URY,Uruguay,2011,1314.33,14975.56
URY,Uruguay,2012,1375.59,16087.25
URY,Uruguay,2013,1361.15,18140.89
VCT,St. Vincent and the Grenadines,1980,,766.1
VCT,St. Vincent and the Grenadines,1981,,943.58
VCT,St. Vincent and the Grenadines,1982,,1043.91
VCT,St. Vincent and the Grenadines,1983,,1114.61
VCT,St. Vincent and the Grenadines,1984,,1223.84
VCT,St. Vincent and the Grenadines,1985,,1313.2
VCT,St. Vincent and the Grenadines,1986,,1444.02
VCT,St. Vincent and the Grenadines,1987,,1570.91
VCT,St. Vincent and the Grenadines,1988,,1790.99
VCT,St. Vincent and the Grenadines,1989,,1911.9
VCT,St. Vincent and the Grenadines,1990,261.66,2136.84
VCT,St. Vincent and the Grenadines,1991,,2259.53
VCT,St. Vincent and the Grenadines,1992,,2454.96
VCT,St. Vincent and the Grenadines,1993,,2519.85
VCT,St. Vincent and the Grenadines,1994,,2540.17
VCT,St. Vincent and the Grenadines,1995,,2767.77
VCT,St. Vincent and the Grenadines,1996,,2900.42
VCT,St. Vincent and the Grenadines,1997,,3043.25
VCT,St. Vincent and the Grenadines,1998,,3272.62
VCT,St. Vincent and the Grenadines,1999,,3427.51
VCT,St. Vincent and the Grenadines,2000,,3760.08
VCT,St. Vincent and the Grenadines,2001,,4066.07
VCT,St. Vincent and the Grenadines,2002,,4299.37
VCT,St. Vincent and the Grenadines,2003,,4500.93
VCT,St. Vincent and the Grenadines,2004,586.1,4883.31
VCT,St. Vincent and the Grenadines,2005,597.98,5176.13
VCT,St. Vincent and the Grenadines,2006,628.21,5775.09
VCT,St. Vincent and the Grenadines,2007,631.63,6439.01
VCT,St. Vincent and the Grenadines,2008,,6641.5
VCT,St. Vincent and the Grenadines,2009,,6503.1
VCT,St. Vincent and the Grenadines,2010,,6590.99
VCT,St. Vincent and the Grenadines,2011,,6566.48
VCT,St. Vincent and the Grenadines,2012,,6754.37
VCT,St. Vincent and the Grenadines,2013,,7117.55
VEN,Venezuela,1980,2147.55,3886.57
VEN,Venezuela,1981,2239.16,4241.31
VEN,Venezuela,1982,2170.59,4214.67
VEN,Venezuela,1983,2277.59,4091.94
VEN,Venezuela,1984,2164.5,3531.35
VEN,Venezuela,1985,2088.07,3560.76
VEN,Venezuela,1986,2128.51,3388.2
VEN,Venezuela,1987,2076.1,2620.43
VEN,Venezuela,1988,1954.51,3203.4
VEN,Venezuela,1989,1958.06,2258.68
VEN,Venezuela,1990,2004.37,2461.04
VEN,Venezuela,1991,2044.31,2642.78
VEN,Venezuela,1992,2234.3,2918.61
VEN,Venezuela,1993,2034.48,2835.69
VEN,Venezuela,1994,2307.11,2699.46
VEN,Venezuela,1995,2118.72,3500.63
VEN,Venezuela,1996,2211.79,3125.24
VEN,Venezuela,1997,2157.45,3725.99
VEN,Venezuela,1998,2226.6,3886.04
VEN,Venezuela,1999,2081.75,4087.83
VEN,Venezuela,2000,2098.95,4795.63
VEN,Venezuela,2001,2132.6,4940.11
VEN,Venezuela,2002,2273.47,3667.2
VEN,Venezuela,2003,2054.14,3243.37
VEN,Venezuela,2004,2151.19,4287.63
VEN,Venezuela,2005,2111.26,5456.32
VEN,Venezuela,2006,2314.44,6769.87
VEN,Venezuela,2007,2107.81,8369.24
VEN,Venezuela,2008,2322.85,11310.78
VEN,Venezuela,2009,2295.34,11641.8
VEN,Venezuela,2010,2520.65,13692.91
VEN,Venezuela,2011,2309.51,10877.11
VEN,Venezuela,2012,2479.16,12937.93
VEN,Venezuela,2013,2304.53,12433.98
VGB,British Virgin Islands,1980,,
VGB,British Virgin Islands,1981,,
VGB,British Virgin Islands,1982,,
VGB,British Virgin Islands,1983,,
VGB,British Virgin Islands,1984,,
VGB,British Virgin Islands,1985,,
VGB,British Virgin Islands,1986,,
VGB,British Virgin Islands,1987,,
VGB,British Virgin Islands,1988,,
VGB,British Virgin Islands,1989,,
VGB,British Virgin Islands,1990,,
VGB,British Virgin Islands,1991,,
VGB,British Virgin Islands,1992,,
VGB,British Virgin Islands,1993,,
VGB,British Virgin Islands,1994,,
VGB,British Virgin Islands,1995,,
VGB,British Virgin Islands,1996,,
VGB,British Virgin Islands,1997,,
VGB,British Virgin Islands,1998,,
VGB,British Virgin Islands,1999,,
VGB,British Virgin Islands,2000,,
VGB,British Virgin Islands,2001,,
VGB,British Virgin Islands,2002,,
VGB,British Virgin Islands,2003,,
VGB,British Virgin Islands,2004,,
VGB,British Virgin Islands,2005,,
VGB,British Virgin Islands,2006,,
VGB,British Virgin Islands,2007,,
VGB,British Virgin Islands,2008,,
VGB,British Virgin Islands,2009,,
VGB,British Virgin Islands,2010,,
VGB,British Virgin Islands,2011,,
VGB,British Virgin Islands,2012,,
VGB,British Virgin Islands,2013,,
VIR,Virgin Islands,1980,,
VIR,Virgin Islands,1981,,
VIR,Virgin Islands,1982,,
VIR,Virgin Islands,1983,,
VIR,Virgin Islands,1984,,
VIR,Virgin Islands,1985,,
VIR,Virgin Islands,1986,,
VIR,Virgin Islands,1987,,
VIR,Virgin Islands,1988,,
VIR,Virgin Islands,1989,,
VIR,Virgin Islands,1990,,
VIR,Virgin Islands,1991,,
VIR,Virgin Islands,1992,,
VIR,Virgin Islands,1993,,
VIR,Virgin Islands,1994,,
VIR,Virgin Islands,1995,,
VIR,Virgin Islands,1996,,
VIR,Virgin Islands,1997,,
VIR,Virgin Islands,1998,,
VIR,Virgin Islands,1999,,
VIR,Virgin Islands,2000,,
VIR,Virgin Islands,2001,,
VIR,Virgin Islands,2002,,30062.02
VIR,Virgin Islands,2003,,31731.26
VIR,Virgin Islands,2004,,35006.36
VIR,Virgin Islands,2005,,40828.75
VIR,Virgin Islands,2006,,41377.15
VIR,Virgin Islands,2007,,44158.51
VIR,Virgin Islands,2008,,39152.38
VIR,Virgin Islands,2009,,38753.18
VIR,Virgin Islands,2010,,39905.13
VIR,Virgin Islands,2011,,38997.14
VIR,Virgin Islands,2012,,37795.32
VIR,Virgin Islands,2013,,34597.98
